jid,formula,spg_number,formation_energy_peratom,optb88vdw_bandgap,ehull,slme
JVASP-1996,NaI,225,-1.35798,3.851,0.009,0.0
JVASP-21210,Xe,225,9e-05,6.149,0.0,0.0
JVASP-1390,SrO,225,-3.02565,3.405,0.0,0.0
JVASP-90336,Sr2H6Os,225,-0.6293700000000001,2.398,0.0,5.95
JVASP-37031,TiFe2Sb,225,-0.23465,0.0,0.0465,5.84
JVASP-14789,NdTe,225,-1.46013,0.0,0.0,25.12
JVASP-18944,LaAs,225,-1.63611,0.0,0.0,7.21
JVASP-14757,Li,225,-0.00017,0.0,0.0,0.0
JVASP-3657,Rb2PtCl6,225,-1.32195,1.716,0.0,17.84
JVASP-22649,Rb2SnBr6,225,-1.27064,0.983,0.0,18.43
JVASP-1291,YbO,225,-3.61377,3.581,0.0,0.0
JVASP-88019,EuF2,225,-3.53085,0.0,0.3498,0.0
JVASP-22561,Cs2TeI6,225,-0.8819400000000001,1.224,0.0,30.45
JVASP-1399,Li2Te,225,-1.11192,2.605,0.0,4.13
JVASP-3834,K2PtBr6,225,-1.05199,1.113,0.0,25.23
JVASP-98414,Mg7TiH16,225,-0.22603,0.0,0.0967,7.93
JVASP-1363,TmN,225,-2.04937,0.268,0.0,33.3
JVASP-1405,CaO,225,-3.27314,3.742,0.0,0.0
JVASP-22672,CsK2Sb,225,-0.5317000000000001,1.207,0.0,22.01
JVASP-91670,PbSe,225,-0.59552,0.76,0.0,33.81
JVASP-85389,CdPdC6N6,225,0.48884,4.16,0.5548000000000001,0.0
JVASP-69037,Ba2HgPb,225,-0.61136,0.0,0.0001,5.84
JVASP-3864,Rb2TiCl6,225,-1.92315,2.016,0.0,12.38
JVASP-3555,Rb2TeCl6,225,-1.34902,2.448,0.0,5.18
JVASP-3282,Rb2PdF6,225,-2.26255,2.176,0.0,18.11
JVASP-65633,Ba2BiCl,225,-1.56595,0.992,0.0655,32.7
JVASP-3870,Rb2SeCl6,225,-1.21556,2.395,0.0,5.53
JVASP-3876,Rb2ZrCl6,225,-2.07809,3.488,0.0,0.01
JVASP-91965,CaPbF6,225,-2.7603,3.477,0.0,0.0
JVASP-1999,RbCl,225,-2.07202,5.075,0.019,0.0
JVASP-1357,SrTe,225,-1.85517,1.772,0.0,16.36
JVASP-3879,Tl2SnCl6,225,-1.06573,2.148,0.0,2.73
JVASP-69329,Ba2BiBr,225,-1.48342,0.939,0.0201,33.26
JVASP-66536,Ba2PdBr,225,-1.06579,0.0,0.1498,27.92
JVASP-3882,Tl2TeCl6,225,-0.8507,2.411,0.0,5.26
JVASP-22724,NaLi2Bi,225,-0.5458700000000001,0.504,0.0,31.11
JVASP-3885,Tl2PtCl6,225,-0.8307300000000001,1.631,0.0,20.45
JVASP-3888,K2TiCl6,225,-1.88789,1.953,0.0,12.88
JVASP-22674,K2NiF6,225,-2.36484,1.535,0.0,32.47
JVASP-1294,BaSe,225,-2.16602,1.915,0.0259,6.39
JVASP-1420,Na2Te,225,-1.00223,2.137,0.0,0.29
JVASP-61646,K3AlF6,225,-3.35975,6.792,0.0,0.0
JVASP-65769,Ba2SbBr,225,-1.56827,0.979,0.0036,33.93
JVASP-69353,Ba2MgSb,225,-0.58728,0.0,0.1695,5.84
JVASP-1297,Na2Se,225,-1.15601,2.173,0.0,0.06
JVASP-1882,ErN,225,-2.01006,0.238,0.0,33.66
JVASP-22599,HfVF6,225,-3.25255,0.0,0.2005,21.19
JVASP-90798,PbS,225,-0.63993,0.8140000000000001,0.016,32.54
JVASP-3678,Rb2PbCl6,225,-1.37744,0.902,0.0,22.52
JVASP-1276,SrS,225,-2.36365,2.54,0.0,0.72
JVASP-3684,K2PtCl6,225,-1.28971,1.646,0.0,19.33
JVASP-1387,Na2O,225,-1.41079,2.214,0.0195,0.0
JVASP-2002,LiH,225,-0.5039600000000001,3.558,0.028,2.24
JVASP-3591,K2SeBr6,225,-0.95156,1.528,0.0,19.49
JVASP-85352,NaMoF6,225,-2.72226,0.0,0.0145,0.01
JVASP-20064,LaSb,225,-1.3273700000000002,0.0,0.0,5.84
JVASP-1333,CaS,225,-2.38214,2.347,0.0,2.32
JVASP-87166,Sr2CaWO6,225,-3.0362,2.786,0.0142,0.11
JVASP-18405,YH2,225,-0.7768700000000001,0.0,0.0,8.38
JVASP-22679,Rb2H6Pt,225,-0.40408,3.889,0.0,0.0
JVASP-1309,CaSe,225,-2.17597,2.137,0.0,6.09
JVASP-22726,Na2TlSb,225,-0.37477,0.479,0.0,31.64
JVASP-22727,TiFe2Si,225,-0.67762,0.286,0.0,5.84
JVASP-1339,K2Te,225,-1.10795,2.187,0.0,0.04
JVASP-3789,CaTiF6,225,-3.76364,4.613,0.0122,0.0
JVASP-87037,CaSnF6,225,-3.15212,5.515,0.0186,0.0
JVASP-18406,SmH2,225,-0.70459,0.0,0.0,17.29
JVASP-3606,Rb2SnCl6,225,-1.5629,2.22,0.0,0.45
JVASP-20092,CdO,225,-1.17119,0.0,0.0,33.51
JVASP-3612,K2PdCl6,225,-1.24048,1.107,0.0,27.36
JVASP-87169,Ba2MgWO6,225,-3.03643,2.822,0.0,0.6000000000000001
JVASP-105612,K2RbScF6,225,-3.39878,6.186,0.0853,0.0
JVASP-90810,TePb,225,-0.41685,1.013,0.0128,33.51
JVASP-105684,Rb2NaSbI6,225,-0.99681,2.033,0.0521,13.17
JVASP-1342,UN2,225,-1.57409,0.864,0.0,31.71
JVASP-105614,K3YCl6,225,-2.15178,4.705,0.0468,0.0
JVASP-1345,YbTe,225,-1.75446,1.486,0.0,11.79
JVASP-105685,Rb3DyCl6,225,-2.16567,4.748,0.0366,0.0
JVASP-1315,BaS,225,-2.275,2.148,0.0,2.41
JVASP-1351,YbS,225,-2.45728,2.207,0.0,1.46
JVASP-22729,Sr2SbAu,225,-1.05124,0.771,0.0223,31.72
JVASP-1318,CaTe,225,-1.77034,1.5590000000000002,0.013,21.63
JVASP-74304,SrBeBr2,225,-0.8038400000000001,0.912,0.8795000000000001,33.88
JVASP-19817,SmN,225,-1.6991200000000002,0.0,0.0,28.0
JVASP-105691,K2RbPrF6,225,-3.27478,5.26,0.1955,0.0
JVASP-3693,Mg2FeH6,225,-0.32325,1.935,0.0,30.57
JVASP-42876,AcH3,225,-0.6297900000000001,0.925,0.0,28.87
JVASP-23440,Sr2AsAu,225,-1.10025,0.559,0.0,27.13
JVASP-74583,NaBeCl2,225,-0.52832,0.0,0.9996,15.46
JVASP-2005,NaH,225,-0.30057,4.845,0.0,0.0
JVASP-105634,K2IrAuF6,225,-1.81084,0.5670000000000001,0.2906,31.32
JVASP-1330,Be2C,225,-0.34245,1.492,0.0573,27.76
JVASP-74763,KBeBr2,225,-0.42759,0.0,0.9082,31.46
JVASP-1279,LuN,225,-2.11365,0.351,0.0,33.65
JVASP-105642,K2ScAuF6,225,-2.8675,1.457,0.1785,0.93
JVASP-74330,BeGaBr2,225,0.16627,0.0,0.9679,25.46
JVASP-22732,CsK2Bi,225,-0.49205,0.62,0.0,33.71
JVASP-74967,NaBeBr2,225,-0.31477,0.0,0.9387,28.9
JVASP-105655,Rb2CuAsF6,225,-2.30025,1.142,0.0201,33.82
JVASP-1798,KNa2Sb,225,-0.52427,0.92,0.0,24.45
JVASP-14665,SmTe,225,-1.41693,0.0,0.0,24.71
JVASP-105658,Rb2ScAgCl6,225,-1.85967,3.067,0.0,9.96
JVASP-14666,PrN,225,-1.49567,0.0,0.0,22.65
JVASP-107999,Yb2AgSb,225,-0.81871,0.0,0.0,5.84
JVASP-2011,KH,225,-0.32572,3.537,0.0,0.0
JVASP-1738,Rb2Se,225,-1.16566,1.842,0.0,0.29
JVASP-74979,K2BeTe,225,-0.12891,1.152,0.7021000000000001,30.73
JVASP-15086,ScN,225,-2.15468,0.02,0.0,25.1
JVASP-1245,CdF2,225,-2.30934,3.063,0.0,0.0
JVASP-1288,Li2S,225,-1.4862,3.502,0.0356,0.0
JVASP-74799,K2BeSe,225,-0.16854,1.195,0.7492000000000001,31.53
JVASP-18413,TbH2,225,-0.73745,0.0,0.0,8.86
JVASP-3732,Sr2H6Ru,225,-0.63704,2.179,0.0,14.91
JVASP-105939,Tl2VF6,225,-2.5491900000000003,0.0,0.0,18.19
JVASP-56540,Rb2NbCl6,225,-1.72415,0.0,0.0,2.27
JVASP-99471,Li2TlSb,225,-0.45137,0.628,0.0463,16.72
JVASP-14975,NdN,225,-1.56832,0.0,0.0,24.48
JVASP-18415,TmH2,225,-0.74184,0.0,0.0,6.11
JVASP-105680,Rb2NaPrF6,225,-3.41529,6.595,0.0572,0.0
JVASP-105681,Rb2AlInI6,225,-0.95346,1.085,0.0655,33.83
JVASP-99475,Rb2AgAsF6,225,-2.30169,2.376,0.0147,0.39
JVASP-99567,K2CuMoI6,225,-0.6032500000000001,0.188,0.0601,21.27
JVASP-1993,KBr,225,-1.87002,4.602,0.0,0.0
JVASP-99527,Na3AuF6,225,-2.01637,0.6000000000000001,0.2555,24.45
JVASP-99528,Na2GaHgF6,225,-2.23886,0.0,0.247,33.25
JVASP-1300,MgS,225,-1.62337,2.9450000000000003,0.0215,0.0
JVASP-99382,KRb2InI6,225,-1.06961,1.272,0.0675,19.88
JVASP-99009,EuS,225,-2.18183,0.0,0.0,31.46
JVASP-1921,RbBr,225,-1.86597,4.436,0.0,0.0
JVASP-55000,Rb2NbCl6,225,-1.72417,0.0,0.0,2.27
JVASP-105595,K2ScInCl6,225,-1.83666,2.252,0.0623,32.7
JVASP-2014,RbH,225,-0.28885,2.971,0.0,0.0
JVASP-14943,PrTe,225,-1.47741,0.0,0.0,25.4
JVASP-99721,Na2TlGaF6,225,-2.4589,3.525,0.2308,0.0
JVASP-3951,Rb2PdBr6,225,-1.05862,0.515,0.0,33.97
JVASP-100264,ZrSbRu2,225,-0.36922,0.0,0.0491,5.84
JVASP-102856,K2LiTiF6,225,-3.29093,0.0,0.0,0.0
JVASP-102088,Rb2TlIrF6,225,-2.17703,2.215,0.061,16.54
JVASP-102858,K2LiErCl6,225,-2.18728,5.19,0.0,3.71
JVASP-102090,Rb3GaI6,225,-1.00875,0.97,0.1326,24.72
JVASP-103371,TbBa2TaO6,225,-3.42355,3.447,0.0,0.0
JVASP-102861,Na2GaAgF6,225,-2.36485,1.464,0.1061,0.0
JVASP-100931,Rb2ScInI6,225,-1.22064,1.726,0.0,28.82
JVASP-102864,K2LiInF6,225,-2.93778,5.595,0.0,3.89
JVASP-100473,K2CuBiBr6,225,-1.05834,0.724,0.0503,31.9
JVASP-107802,K3AsI6,225,-0.9129,2.006,0.1148,9.85
JVASP-100068,Sr2AsAu,225,-1.10016,0.5710000000000001,0.0001,27.44
JVASP-107803,K2TlAsI6,225,-0.7562,0.738,0.0895,26.46
JVASP-103208,Rb2NaGaCl6,225,-1.70208,2.772,0.0249,0.0
JVASP-102866,Na3AlCl6,225,-1.67575,4.154,0.1265,0.0
JVASP-102947,KRbAu2,225,-0.40356,0.217,0.0,5.96
JVASP-102867,TbK2CuCl6,225,-1.83757,2.592,0.0467,12.98
JVASP-107809,K2RbAlI6,225,-1.09398,1.926,0.129,7.62
JVASP-107810,K2NaNdF6,225,-3.40997,6.139,0.0831,0.0
JVASP-99590,Na2LiAsF6,225,-2.5777,4.508,0.1136,0.0
JVASP-1942,KI,225,-1.58223,4.092,0.0,0.0
JVASP-99591,K2RbBiF6,225,-2.67776,4.334,0.1066,0.0
JVASP-99741,Rb2Pd,225,-0.00012,0.977,0.0201,31.71
JVASP-1945,RbI,225,-1.5921,3.969,0.0,0.0
JVASP-102873,K2AlInBr6,225,-1.28494,1.911,0.1378,21.19
JVASP-107850,Rb2ScAgF6,225,-3.12145,3.17,0.0,0.0
JVASP-99593,K2YAuF6,225,-2.85747,1.256,0.2609,2.14
JVASP-101479,KNa2AlF6,225,-3.17585,5.338,0.1943,0.0
JVASP-102159,Ba2SmTaO6,225,-3.36753,3.415,0.0,0.0
JVASP-3957,Rb2PtI6,225,-0.8309400000000001,0.424,0.0,33.31
JVASP-101480,Li3GaF6,225,-2.8359300000000003,5.931,0.1642,0.0
JVASP-99595,K2RbBiI6,225,-0.97212,2.778,0.1685,2.14
JVASP-3960,Rb2PdCl6,225,-1.27055,1.091,0.0,28.55
JVASP-101049,Sr2PrNbO6,225,-3.08749,2.94,0.1256,0.36
JVASP-101481,K3GaF6,225,-2.96382,5.998,0.0,0.0
JVASP-100188,Li2CeGa,225,-0.15406,0.0,0.1172,5.84
JVASP-1951,NaBr,225,-1.68273,4.404,0.0225,0.0
JVASP-100673,K2LiSbI6,225,-0.9459,1.772,0.0924,21.93
JVASP-102876,Rb2AlHgF6,225,-2.86639,0.0,0.0743,0.0
JVASP-101482,K3PdF6,225,-2.35337,0.0,0.0614,9.03
JVASP-100290,LiCa2Ge,225,-0.46046,0.0,0.0775,13.77
JVASP-14574,ErSe,225,-1.75609,0.0,0.0,33.88
JVASP-99457,KNa2RhF6,225,-2.29217,2.242,0.2007,8.05
JVASP-100675,K2PrAgF6,225,-2.93737,2.23,0.1781,0.0
JVASP-102888,Rb2AlAuCl6,225,-1.46678,0.534,0.0729,25.71
JVASP-101487,K2LiAsF6,225,-2.75292,4.707,0.0,0.0
JVASP-1954,AgCl,225,-0.47159,0.925,0.0,6.09
JVASP-99459,K2InAsI6,225,-0.74106,0.0,0.1017,5.84
JVASP-99686,K2RbAlF6,225,-3.30866,6.38,0.0734,0.0
JVASP-107868,Rb3SbI6,225,-1.00905,2.366,0.0849,8.16
JVASP-99413,Na2TlAgF6,225,-1.93856,0.0,0.1911,33.44
JVASP-106208,K2HgRhF6,225,-2.01463,0.0,0.125,9.9
JVASP-99414,K2PrAgI6,225,-1.15228,2.643,0.074,1.9
JVASP-100879,K2LiAuF6,225,-2.286,0.404,0.0667,30.02
JVASP-99689,Na3IrF6,225,-2.26496,2.169,0.0577,10.16
JVASP-100880,K2YInF6,225,-3.17542,3.203,0.1293,0.0
JVASP-100696,Rb3SbF6,225,-2.70852,3.979,0.0,0.0
JVASP-106224,K2TiCuF6,225,-2.82153,0.0,0.2678,16.22
JVASP-101500,K2AlAuF6,225,-2.77994,1.221,0.1432,3.3
JVASP-100884,Li3ScF6,225,-3.31527,6.108,0.2462,0.0
JVASP-99694,K2NaIrF6,225,-2.45478,2.365,0.0014,13.54
JVASP-101709,KNaMg2F6,225,-3.48369,6.5440000000000005,0.013,0.0
JVASP-100119,Rb3GaF6,225,-2.94305,6.167,0.0,0.0
JVASP-20108,TbTe,225,-1.34363,0.0,0.0,28.67
JVASP-102054,Rb3GaBr6,225,-1.3774,2.277,0.0596,0.48
JVASP-102369,K3BiI6,225,-1.00869,2.566,0.13,2.62
JVASP-100571,KNa2ScF6,225,-3.23565,5.296,0.2392,0.0
JVASP-14897,AgF,225,-1.04198,0.0,0.0,21.04
JVASP-100572,Rb2IrAuF6,225,-1.85307,0.657,0.2563,31.17
JVASP-102371,K2LiRhF6,225,-2.62176,1.9,0.0,14.12
JVASP-102060,K3ScCl6,225,-2.10227,3.999,0.0309,0.0
JVASP-18926,LuS,225,-2.02091,0.0,0.0,29.26
JVASP-100573,K2RbScCl6,225,-2.06753,4.045,0.0859,0.0
JVASP-102062,K2TlAsF6,225,-2.36761,2.762,0.0835,0.86
JVASP-101517,Rb2YAgF6,225,-3.12147,2.742,0.0,0.0
JVASP-1306,BaO,225,-2.74583,2.048,0.0285,1.65
JVASP-100574,K2TlGaCl6,225,-1.42368,2.164,0.1296,3.13
JVASP-2769,SnF3,225,-2.46216,2.94,0.0189,0.31
JVASP-102377,K2NdCuI6,225,-1.13987,1.876,0.0704,23.96
JVASP-100894,K2RbAsI6,225,-0.89519,2.146,0.1345,8.16
JVASP-102064,K2NaBiF6,225,-2.77738,4.99,0.017,0.0
JVASP-102301,Tl3GaF6,225,-2.25716,3.296,0.0,0.0
JVASP-102381,K2InAsF6,225,-2.3756,1.899,0.1715,18.19
JVASP-104500,Li3RhF6,225,-2.36855,2.031,0.2086,11.21
JVASP-103335,Yb2H6Ru,225,-0.7138,2.682,0.0,7.23
JVASP-100519,NaScTl2F6,225,-3.05106,4.914,0.0,0.0
JVASP-102383,K2InHgF6,225,-2.359,0.0,0.1108,28.26
JVASP-100579,K2ScInF6,225,-3.16425,3.511,0.0708,2.65
JVASP-102446,ZrSiRu2,225,-0.6904100000000001,0.184,0.0,5.84
JVASP-101521,Rb2NaTlI6,225,-0.95514,0.0,0.1071,13.63
JVASP-104615,Sr2HgGe,225,-0.63682,0.057,0.0,5.84
JVASP-103559,Na2AgRhF6,225,-1.94191,1.395,0.104,19.73
JVASP-22686,Na2H6Pt,225,-0.36116,3.545,0.0,0.0
JVASP-100585,Na2YCuCl6,225,-1.63797,1.626,0.1775,9.96
JVASP-104505,K2LiNdF6,225,-3.46169,6.536,0.0762,0.0
JVASP-103349,K3HoCl6,225,-2.144,4.708,0.0045,0.0
JVASP-101384,Rb3TmCl6,225,-2.17535,4.7780000000000005,0.0153,0.0
JVASP-1366,Li3Sb,225,-0.68249,0.919,0.0077,33.58
JVASP-102403,Rb2ScAuF6,225,-2.92458,1.581,0.1215,2.06
JVASP-102254,K3TlF6,225,-2.53293,3.711,0.0,0.0
JVASP-100904,K2ScAgF6,225,-3.08332,2.886,0.0004,0.0
JVASP-102082,Na2LiTiF6,225,-3.15278,0.0,0.0679,0.0
JVASP-103351,Ba2ErUO6,225,-3.52954,0.964,0.0,0.46
JVASP-100590,KRb2AsF6,225,-2.6768,4.741,0.0,0.0
JVASP-103159,Na2AgAsF6,225,-2.05335,1.916,0.2357,0.55
JVASP-102083,Na2LiInF6,225,-2.7770900000000003,5.131,0.0984,0.24
JVASP-100725,Li2InBi,225,-0.39086,0.022,0.0,5.84
JVASP-102408,Rb2PrAgI6,225,-1.22992,2.62,0.0,2.22
JVASP-103574,Rb3YF6,225,-3.46698,5.859,0.0021,0.0
JVASP-100928,Rb2ScInF6,225,-3.22313,3.732,0.0208,0.63
JVASP-103167,K2RbRhF6,225,-2.45621,2.231,0.07,21.3
JVASP-102267,Rb2TlRhF6,225,-2.3041,1.912,0.0,16.27
JVASP-102605,NaSr2IO6,225,-1.97219,2.414,0.0,0.01
JVASP-102412,KRb2AlF6,225,-3.40432,6.756,0.0,0.0
JVASP-103174,K2DyAuCl6,225,-1.69784,2.018,0.1223,2.86
JVASP-22720,Ba2SbAu,225,-1.05052,0.7000000000000001,0.0,29.44
JVASP-103192,Na3TlI6,225,-0.6583500000000001,0.0,0.3037,26.53
JVASP-106303,LiTaF6,225,-3.35668,6.115,0.0129,21.34
JVASP-14991,YSe,225,-1.86769,0.0,0.0,33.52
JVASP-102413,KRb2IrF6,225,-2.4596,2.482,0.0,2.37
JVASP-106452,Rb2AgBiF6,225,-2.41235,2.471,0.0,0.16
JVASP-102415,Rb2NaMoI6,225,-0.94704,1.084,0.0,30.86
JVASP-105010,K3AsF6,225,-2.64747,4.422,0.0198,0.0
JVASP-104535,Rb3PdF6,225,-2.3588,0.0,0.0401,5.84
JVASP-106454,Rb2InAgF6,225,-2.51174,1.629,0.0,0.8200000000000001
JVASP-102416,Rb2NaNdI6,225,-1.47086,3.054,0.0,0.5
JVASP-106456,Rb2LiPrF6,225,-3.46962,6.758,0.0421,0.0
JVASP-105013,Na2ScAgF6,225,-2.87427,1.87,0.1778,0.0
JVASP-106664,Sr2MgMoO6,225,-2.94144,2.036,0.0,8.9
JVASP-104539,Rb2TlSbI6,225,-0.8628100000000001,0.742,0.0471,29.23
JVASP-106459,K2RbYI6,225,-1.41764,3.02,0.1228,0.05
JVASP-102421,K2RbPrI6,225,-1.39498,3.007,0.1054,0.03
JVASP-104541,Rb2LiAlF6,225,-3.41887,7.671,0.0,0.0
JVASP-14686,CeSb,225,-1.07393,0.0,0.0,5.84
JVASP-1369,YN,225,-1.96958,0.314,0.0,33.79
JVASP-107111,K2RbIrF6,225,-2.3642,2.279,0.0937,2.06
JVASP-105026,K2AlHgF6,225,-2.84973,0.0,0.1238,29.52
JVASP-102424,Rb2LiPrI6,225,-1.47638,2.898,0.0,1.33
JVASP-107112,K2AlInI6,225,-0.91501,0.736,0.1,30.97
JVASP-14729,Ca,225,0.0,0.0,0.0,5.84
JVASP-106669,K2CoF6,225,-2.45753,0.0,0.0,33.39
JVASP-106465,Rb2LiTiF6,225,-3.29557,0.0,0.0,18.16
JVASP-102426,Rb3ScF6,225,-3.4663,6.256,0.0263,0.0
JVASP-102427,Rb2LiTaF6,225,-2.92488,0.0,0.1887,28.9
JVASP-107117,K2InAgF6,225,-2.46946,1.446,0.0,0.63
JVASP-16004,AlO,225,-1.41631,0.0,1.3448,30.24
JVASP-22688,Mg2H6Ru,225,-0.34381,3.128,0.0,3.13
JVASP-14731,HoSe,225,-1.78523,0.0,0.0,33.88
JVASP-107119,K2AgAsF6,225,-2.27749,2.263,0.0534,0.41
JVASP-106899,K2NaPrF6,225,-3.3907,6.064,0.1046,0.0
JVASP-106736,Sr2NbGaO6,225,-2.9020900000000003,3.171,0.0,0.16
JVASP-106902,K2LiPrI6,225,-1.41884,2.894,0.0299,1.29
JVASP-107627,K2RbNdF6,225,-3.31004,5.1370000000000005,0.2006,0.0
JVASP-104800,K3InI6,225,-1.03048,1.187,0.1026,19.73
JVASP-104690,TaFePb2O6,225,-1.91828,0.0,0.0072,33.93
JVASP-107628,K2RbMoI6,225,-0.8914900000000001,1.246,0.0773,21.34
JVASP-1603,K2Se,225,-1.20708,2.171,0.0166,0.0
JVASP-107133,Rb2PrAgF6,225,-3.00666,2.42,0.0912,0.0
JVASP-107134,Rb2InAuF6,225,-2.3151,0.289,0.0512,19.88
JVASP-2484,NaSbF6,225,-2.56764,4.918,0.0,0.0
JVASP-105083,RbInF3,225,-2.62426,2.32,0.0,3.16
JVASP-104589,LiAcRh2,225,-0.40999,0.158,0.0,5.84
JVASP-106909,K2GaHgF6,225,-2.45761,0.0,0.1035,33.31
JVASP-1264,K2O,225,-1.2572,2.034,0.0003,0.0
JVASP-22689,Ba2H6Ru,225,-0.5815300000000001,1.854,0.0,19.73
JVASP-106404,Rb2LiNbF6,225,-2.9873000000000003,0.0,0.0407,33.83
JVASP-107136,Na2HgPdF6,225,-1.76201,0.0,0.2401,32.78
JVASP-107633,Rb2TlAsF6,225,-2.4329,2.682,0.0,1.48
JVASP-106910,K2HgBiF6,225,-2.24725,0.0,0.1829,28.53
JVASP-104805,K2NaAuF6,225,-2.2319,0.5650000000000001,0.0702,26.4
JVASP-106920,Na3YI6,225,-1.21091,2.29,0.1985,0.62
JVASP-107138,Rb2NaIrF6,225,-2.49109,2.234,0.0,3.18
JVASP-105292,K2SnF6,225,-2.84205,5.325,0.0,0.0
JVASP-1169,ThO2,225,-4.1762,4.823,0.0,0.0
JVASP-1171,Na2S,225,-1.21153,2.59,0.0111,0.0
JVASP-107142,Rb2LiBiI6,225,-1.06471,1.912,0.0282,12.98
JVASP-104819,Rb2AlAgF6,225,-3.00504,3.187,0.0,0.0
JVASP-106413,K3GaI6,225,-0.98886,0.729,0.1466,28.44
JVASP-106924,Rb2NaAuF6,225,-2.26216,0.5720000000000001,0.0219,27.26
JVASP-106414,Li3TlF6,225,-2.34517,3.39,0.3154,0.0
JVASP-107144,Rb2TlAsI6,225,-0.8149000000000001,0.762,0.0348,27.05
JVASP-107301,NbInPb2O6,225,-1.88781,2.673,0.03,0.41
JVASP-106925,Rb2LiNdF6,225,-3.48673,6.832,0.0654,0.0
JVASP-104823,Rb2LiAsF6,225,-2.75102,4.677,0.0,0.0
JVASP-107414,Rb2ScAgI6,225,-1.18315,2.037,0.0,11.89
JVASP-15071,TmSe,225,-1.72396,0.0,0.0,33.32
JVASP-22690,Ba2H6Os,225,-0.57054,1.938,0.0,13.17
JVASP-1251,YbSe,225,-2.21187,2.052,0.0,1.31
JVASP-102634,K2TaNbO6,225,-2.80636,1.747,0.0,10.89
JVASP-106441,Rb2SbAuF6,225,-2.20559,0.797,0.2138,19.33
JVASP-104608,RbNa2Bi,225,-0.46407,0.007,0.0,27.64
JVASP-1256,PbF2,225,-2.5073,4.582,0.003,0.0
JVASP-106645,Rb2SnF6,225,-2.86781,5.391,0.0,0.0
JVASP-102356,Li3IrF6,225,-2.25237,2.37,0.2283,2.32
JVASP-1582,Rb2S,225,-1.1685,1.978,0.0206,0.0
JVASP-104888,Sr2UInO6,225,-2.94706,1.128,0.0743,28.84
JVASP-107660,K2RbBi,225,-0.48756,0.337,0.0,33.82
JVASP-2400,Tl2SiF6,225,-2.73565,5.04,0.0,0.0
JVASP-107099,Rb2HgIrF6,225,-1.9661,0.0,0.1432,23.63
JVASP-7676,GeSe,225,-0.251,0.167,0.0091,5.84
JVASP-107101,K2NaYI6,225,-1.43067,3.076,0.0648,0.63
JVASP-1267,BaTe,225,-1.88324,1.605,0.0243,19.81
JVASP-7633,SiO2,225,-1.6947100000000002,2.21,1.2066,2.77
JVASP-7678,MgSe,225,-1.3488,2.117,0.0107,1.9
JVASP-254,PbS,225,-0.6395200000000001,0.5640000000000001,0.0164,33.38
JVASP-107106,K2NaNdI6,225,-1.41177,3.051,0.0414,0.45
JVASP-107598,K2NaInI6,225,-1.01757,0.561,0.0725,31.02
JVASP-7991,ZnO,225,-1.46475,1.078,0.1272,11.63
JVASP-107606,K2ScAgI6,225,-1.12736,2.042,0.0221,11.7
JVASP-1591,HgF2,225,-1.39914,0.862,0.0,1.56
JVASP-107608,K2AgSbF6,225,-2.34368,2.066,0.123,0.74
JVASP-1270,K2S,225,-1.22235,2.384,0.0,0.0
JVASP-107624,Rb2ScAuI6,225,-1.08843,1.034,0.0352,32.04
JVASP-7639,K3Sb,225,-0.49995,0.993,0.0035,22.8
JVASP-8581,Li3Bi,225,-0.57877,0.5720000000000001,0.0,29.47
JVASP-8583,AgBr,225,-0.34729,0.792,0.0168,12.28
JVASP-8803,AgPF6,225,-2.19843,3.047,0.0,0.0
JVASP-8180,HoN,225,-1.97059,0.192,0.0,33.83
JVASP-8181,Na3As,225,-0.45104,0.32,0.0407,32.33
JVASP-8589,BiF3,225,-2.37957,4.245,0.2115,0.0
JVASP-29368,Ba2DyBiO6,225,-2.6414,1.821,0.0,12.18
JVASP-7809,ZrO2,225,-3.64657,3.452,0.0572,0.0
JVASP-8592,Rb2TeBr6,225,-1.10774,1.925,0.0019,14.74
JVASP-7777,LaF3,225,-4.25782,6.143,0.1652,0.0
JVASP-7855,SnS,225,-0.52092,0.443,0.0387,15.05
JVASP-8594,K2SnCl6,225,-1.52161,2.167,0.0077,0.55
JVASP-7986,TbN,225,-1.88267,0.083,0.0,31.97
JVASP-8595,K2TeBr6,225,-1.05588,1.894,0.0262,15.18
JVASP-7780,AlN,225,-1.46344,4.893,0.186,0.0
JVASP-51764,NaInH8N2F6,225,-1.51235,5.349,0.0,0.0
JVASP-8765,Rb3Sb,225,-0.46058,0.707,0.0,33.71
JVASP-51765,H8PdN2Cl6,225,-0.55761,1.086,0.0058,27.14
JVASP-7860,SnTe,225,-0.31501,0.185,0.0108,5.84
JVASP-10997,Ba2DyNbO6,225,-3.31013,2.923,0.0,0.67
JVASP-10998,Ba2HoNbO6,225,-3.32192,2.9210000000000003,0.0,0.67
JVASP-10999,Ba2TmNbO6,225,-3.34693,2.914,0.0,0.72
JVASP-7789,Rb2O,225,-1.15218,1.607,0.0246,0.0
JVASP-7659,NaLi2N,225,-0.10557,2.797,0.3107,1.36
JVASP-7794,DyN,225,-1.92857,0.117,0.0,33.77
JVASP-8659,Rb2SnI6,225,-0.90222,0.0,0.0207,14.68
JVASP-7988,TlF,225,-1.80431,2.244,0.0412,3.03
JVASP-12566,SnH8N2Cl6,225,-0.7144400000000001,2.091,0.0,1.36
JVASP-50139,Na2O,225,-1.41039,2.208,0.0199,0.0
JVASP-9994,Ba2ErNbO6,225,-3.33401,2.919,0.0,0.72
JVASP-9774,Ba2ErSbO6,225,-2.92775,3.625,0.0,0.0
JVASP-8043,CdS,225,-0.59675,0.306,0.0737,30.06
JVASP-12612,Ba2UCoO6,225,-2.85734,0.0,0.0208,5.84
JVASP-8563,LiI,225,-1.28883,4.581,0.045,0.0
JVASP-8566,AgI,225,-0.19091,0.629,0.0159,21.04
JVASP-9997,Ba2HoSbO6,225,-2.9182300000000003,3.671,0.0,0.0
JVASP-11177,Ba2NdSbO6,225,-2.81394,4.022,0.0048,0.0
JVASP-302,SnSe,225,-0.48064,0.199,0.0149,5.84
JVASP-11145,Ba2MgUO6,225,-3.31955,2.196,0.0,16.54
JVASP-8027,GaN,225,-0.10322,0.327,0.4678,21.93
JVASP-116,MgO,225,-3.00483,5.131,0.0297,0.0
JVASP-9778,TbBa2SbO6,225,-2.8985000000000003,3.772,0.0,0.0
JVASP-51409,YbH2,225,-0.64461,0.077,0.0703,3.14
JVASP-22586,Rb2NiF6,225,-2.36246,1.606,0.0,33.83
JVASP-34794,KB3H3,225,-0.33322,4.916,0.0163,0.0
JVASP-78422,MgSe,225,-1.34872,2.117,0.0108,5.01
JVASP-1136,BaF2,225,-4.05994,6.82,0.0,0.0
JVASP-78529,Li2Te,225,-1.11191,2.605,0.0,4.13
JVASP-78285,MnSb,225,0.21714,0.0,0.2171,5.84
JVASP-1130,LiF,225,-3.15454,9.479,0.0359,0.0
JVASP-34276,Ba2TaBiO6,225,-2.75637,2.771,0.0158,0.14
JVASP-12412,Ba2SmNbO6,225,-3.24023,2.924,0.0,0.63
JVASP-78502,Sr2Ir,225,-0.25316,0.0,0.0,9.71
JVASP-78811,SrF2,225,-4.15729,7.077,0.0032,0.0
JVASP-21,PbSe,225,-0.59492,0.513,0.0006,31.61
JVASP-78779,CeBi,225,-0.8335,0.0,0.0,7.53
JVASP-78506,K2Pt,225,-0.1219,1.397,0.0,20.75
JVASP-78819,K2S,225,-1.22235,2.384,0.0,0.0
JVASP-78507,Rb2Pd,225,-0.0001,0.978,0.0201,31.71
JVASP-1076,Mg2Si,225,-0.21351,0.381,0.0,20.41
JVASP-78825,Ca2Rh,225,-0.36558,0.0,0.0,5.84
JVASP-34579,Rb2NaNiF6,225,-2.5671,0.0,0.0,15.92
JVASP-36395,Ca2Ge,225,-0.69842,0.674,0.0185,32.3
JVASP-36262,MgH2,225,-0.17341,0.0,0.1233,32.85
JVASP-36222,TiO2,225,-2.99251,1.188,0.2707,29.79
JVASP-78663,BaCl2,225,-2.67644,5.594,0.0195,0.0
JVASP-36396,Ca2Pb,225,-0.59945,0.705,0.0372,32.1
JVASP-79313,AcInTe2,225,-1.05514,0.788,0.0,32.6
JVASP-79329,Sr2SbAu,225,-1.05124,0.771,0.0223,31.72
JVASP-34243,ScTaPb2O6,225,-2.57233,2.733,0.0,0.46
JVASP-1112,PbS,225,-0.6395200000000001,0.5640000000000001,0.0164,33.38
JVASP-34249,HfO2,225,-3.73413,4.037,0.0758,0.0
JVASP-79875,NaPmTe2,225,-1.14651,0.074,0.0,18.25
JVASP-10702,Ba2PrSbO6,225,-2.79231,4.051,0.007,0.0
JVASP-79802,AgI,225,-0.19087,0.678,0.0159,18.69
JVASP-1115,PbSe,225,-0.59492,0.513,0.0006,31.61
JVASP-1124,Cu2Se,225,0.02244,0.0,0.1301,5.84
JVASP-1103,TePb,225,-0.41698,1.119,0.0126,33.63
JVASP-1133,CeO2,225,-3.68532,2.211,0.0,22.8
JVASP-36185,BiI3,225,0.04886,0.0,0.5222,5.84
JVASP-1145,KCl,225,-2.08827,5.326,0.0,0.0
JVASP-1082,Mg2Sn,225,-0.25673,0.0,0.0,5.84
JVASP-36323,MnSb,225,0.21713,0.0,0.2171,5.84
JVASP-9719,TlPd3O4,225,-0.73155,1.169,0.0,31.94
JVASP-1154,GeTe,225,-0.09207,0.496,0.0183,7.57
JVASP-9974,Ba2YSbO6,225,-2.9162,3.864,0.0,0.0
JVASP-1121,SrSe,225,-2.20404,2.24,0.0,3.29
JVASP-36237,RuO2,225,-1.06245,0.792,0.1805,13.07
JVASP-34480,KRb2NiF6,225,-2.54818,0.0,0.0,21.44
JVASP-36238,MgTe,225,-0.8920600000000001,0.607,0.0599,33.57
JVASP-22527,SrCl2,225,-2.62686,5.498,0.0,0.0
JVASP-9987,Ba2YTaO6,225,-3.4456100000000003,3.445,0.001,0.0
JVASP-1079,Mg2Ge,225,-0.34663,0.299,0.0,18.5
JVASP-11161,KRb2RhF6,225,-2.54687,2.173,0.0,22.37
JVASP-11162,NaTl2RhF6,225,-2.09745,1.886,0.0,26.08
JVASP-57563,Rb2NaBiF6,225,-2.81479,5.125,0.0,0.0
JVASP-11163,Rb2NaRhF6,225,-2.57483,1.957,0.0,26.72
JVASP-11164,K2NaRhF6,225,-2.56079,2.006,0.0,24.98
JVASP-36382,Ca2Sn,225,-0.7085300000000001,0.6880000000000001,0.0317,32.03
JVASP-36385,Ca2Si,225,-0.53351,0.64,0.0188,32.05
JVASP-56060,K2SnBr6,225,-1.22217,0.933,0.0189,15.82
JVASP-36250,NpN2,225,-1.30155,0.0,0.0,19.54
JVASP-22544,AgAsF6,225,-1.85523,1.434,0.0,22.8
JVASP-35793,PmN,225,-1.6470600000000002,0.0,0.0,26.17
JVASP-56110,K3Bi,225,-0.45999,0.419,0.002,33.44
JVASP-57600,Rb2KCoF6,225,-2.64343,1.404,0.0166,5.54
JVASP-58424,KRb2ScF6,225,-3.49336,6.872,0.0106,0.0
JVASP-35715,ErH3,225,-0.58281,0.0,0.0,6.86
JVASP-31940,ReH8N2Cl6,225,-0.62307,0.851,0.0,5.84
JVASP-35129,Ca6Ge2O,225,-1.13649,0.302,0.0782,14.32
JVASP-41780,Ba2AsAu,225,-1.077,0.5630000000000001,0.0,30.75
JVASP-58400,K2HfF6,225,-3.56051,7.48,0.0831,0.0
JVASP-23208,Ba2SmMoO6,225,-3.0039,2.263,0.0,5.44
JVASP-40858,Ba2BiAu,225,-0.97676,0.632,0.0,26.77
JVASP-35605,ZrZnF6,225,-3.32041,6.252,0.0,0.0
JVASP-40945,KNa2Bi,225,-0.47075,0.104,0.0,31.28
JVASP-41288,NaAcTe2,225,-1.33323,0.726,0.0,32.89
JVASP-40948,KAcTe2,225,-1.41504,0.967,0.0,30.77
JVASP-23797,Ba2MgReO6,225,-2.6890400000000003,1.932,0.0,11.32
JVASP-23798,Ba2NaOsO6,225,-2.20498,1.104,0.0,30.61
JVASP-41049,ZnCuPd2,225,-0.39239,0.0,0.0,5.84
JVASP-23864,LiCl,225,-1.94969,6.667,0.0345,2.63
JVASP-42128,PmH3,225,-0.57706,0.0,0.0,11.7
JVASP-41297,NaGaH8N2F6,225,-1.5514800000000002,6.093,0.0,0.0
JVASP-41154,Na2TlBi,225,-0.34193,0.223,0.0,20.76
JVASP-41264,AcTlTe2,225,-1.10636,0.922,0.0,32.81
JVASP-40879,PmTlTe2,225,-0.87794,0.156,0.0,21.81
JVASP-39881,Li2CaSn,225,-0.5653100000000001,0.0,0.0,5.84
JVASP-39882,Li2CaSi,225,-0.38062,0.0,0.0,5.84
JVASP-23862,NaCl,225,-1.93651,5.321,0.0,0.0
JVASP-41744,AcGaTe2,225,-1.01512,0.599,0.0,32.22
JVASP-39888,Li2CeTl,225,-0.11951,0.0,0.1146,5.84
JVASP-23888,SrCl2,225,-2.62686,5.498,0.0,0.0
JVASP-56474,AgBr,225,-0.34708,0.789,0.017,12.38
JVASP-40067,YbLi2Si,225,-0.36818,0.0,0.0,5.84
JVASP-40068,YbLi2Sn,225,-0.55262,0.0,0.0,5.84
JVASP-56484,CuBr,225,-0.14588,0.356,0.127,33.26
JVASP-40226,AcInTe2,225,-1.05514,0.788,0.0,32.6
JVASP-40227,Ca2AsAu,225,-1.10117,0.362,0.0,18.55
JVASP-39902,Li2CaGe,225,-0.48785,0.0,0.0039,5.84
JVASP-40570,SmH3,225,-0.5788,0.0,0.0586,10.73
JVASP-56271,TlCl,225,-1.04402,2.724,0.0045,0.28
JVASP-40283,SrLi2Pb,225,-0.44749,0.0,0.0,5.84
JVASP-42057,RbAcTe2,225,-1.37802,1.227,0.0,29.05
JVASP-26378,Ba2CaTeO6,225,-2.59787,3.255,0.0,0.0
JVASP-39833,Yb2HgGe,225,-0.7254700000000001,0.0,0.0,5.84
JVASP-819,Ar,225,0.0,8.718,0.0,0.0
JVASP-1047,Xe,225,9e-05,6.149,0.0,0.0
JVASP-39748,Yb2AsAu,225,-1.20324,0.219,0.0,23.04
JVASP-25276,Xe,225,0.00024,6.149,0.0,0.0
JVASP-39685,Li2TlBi,225,-0.40409,0.383,0.0,14.17
JVASP-907,Kr,225,0.00028,7.26,0.0,0.0
JVASP-25278,He,225,0.00472,17.968,0.0,0.0
JVASP-15905,K,225,-0.0,0.0,0.0,0.0
JVASP-40299,Sr2BiAu,225,-0.9694,0.617,0.0,26.37
JVASP-40058,YbLi2Pb,225,-0.45794,0.0,0.0,5.84
JVASP-25328,Hg,225,0.25558,0.77,0.0,19.71
JVASP-39816,Li2CaPb,225,-0.47093,0.0,0.0,5.84
JVASP-25114,K,225,-0.0,0.0,0.0,0.0
JVASP-39974,MgTaIr2,225,-0.59843,0.0,0.0,5.84
JVASP-54873,TlI,225,-0.6711400000000001,2.119,0.0013,5.79
JVASP-25383,Na,225,0.00079,0.0,0.0,0.0
JVASP-38233,Rb3Ir,225,0.57557,0.414,0.5983,15.57
JVASP-56854,Rb2LiDyBr6,225,-1.88764,4.217,0.0283,28.84
JVASP-38502,K2RbSb,225,-0.51032,1.033,0.0,23.83
JVASP-26666,K3WF6,225,-2.60387,0.535,0.1116,4.91
JVASP-19655,ErTe,225,-1.24327,0.0,0.0,20.29
JVASP-40310,Sr2HgPb,225,-0.6271100000000001,0.167,0.0,5.84
JVASP-19649,SmS,225,-2.1702,0.0,0.0,30.48
JVASP-16491,BeSe,225,-0.31687,0.387,0.6135,31.89
JVASP-16493,PrO,225,-2.9332700000000003,0.0,0.0184,11.0
JVASP-38034,Rb2SCl6F,225,-1.01329,0.0,0.148,5.85
JVASP-25395,Xe,225,0.00013,6.147,0.0,0.0
JVASP-38036,Rb2NaGaF6,225,-3.00529,6.327,0.0,0.0
JVASP-19778,TbS,225,-2.15731,0.0,0.0,28.79
JVASP-10104,Ba2YNbO6,225,-3.31957,2.92,0.0,0.88
JVASP-78377,GeTe,225,-0.09181,0.495,0.0185,7.48
JVASP-106990,UF3,225,-3.52568,0.339,0.0,17.39
JVASP-11680,Sr2ZnMoO6,225,-2.5866100000000003,2.101,0.0289,8.26
JVASP-12773,Li6Br3N,225,-1.17122,2.519,0.0781,0.05
JVASP-38208,Rb3P,225,-0.25908,0.767,0.0,31.21
JVASP-38049,LiTl2InCl6,225,-1.27815,2.884,0.0,31.97
JVASP-38057,Rb2NaBiCl6,225,-1.64789,3.809,0.0,0.0
JVASP-38303,RbNa2Sb,225,-0.49432,0.841,0.0197,26.28
JVASP-38069,Rb2TlInF6,225,-2.61892,3.674,0.0,0.0
JVASP-37831,Ca2AgBi,225,-0.6991700000000001,0.13,0.0,5.84
JVASP-38070,NaTl2InF6,225,-2.44819,4.587,0.0,0.0
JVASP-38082,Rb2NaSbCl6,225,-1.59888,3.146,0.0,0.12
JVASP-38084,Rb2NaInCl6,225,-1.71671,3.093,0.0,0.0
JVASP-38085,Rb2NaTlF6,225,-2.6055900000000003,3.682,0.0,0.0
JVASP-38087,Rb2TlInCl6,225,-1.48421,2.269,0.0,2.86
JVASP-38088,LiTl2InF6,225,-2.4661,4.287,0.0,31.66
JVASP-38092,Tl2InGaF6,225,-2.23259,2.492,0.001,5.79
JVASP-35250,Na2H6Ir,225,-0.10765,0.0,0.0265,15.67
JVASP-38100,Rb2NaTlCl6,225,-1.51716,1.786,0.0,2.73
JVASP-38103,Rb2InGaF6,225,-2.69906,3.308,0.0046,0.0
JVASP-38115,Rb2NaInF6,225,-2.91693,5.587,0.0,0.0
JVASP-38120,Rb2LiInCl6,225,-1.72514,2.852,0.0,32.12
JVASP-37174,Na3N,225,0.3119,0.0,0.3705,33.73
JVASP-37069,TbH3,225,-0.5926300000000001,0.0,0.0733,8.17
JVASP-38819,Yb2ZnPb,225,-0.5824,0.0,0.0,5.84
JVASP-119,Rb2Te,225,-1.0832,1.887,0.0218,1.54
JVASP-18387,LaH2,225,-0.6941400000000001,0.0,0.0216,29.12
JVASP-12244,Ba2CaMoO6,225,-2.95982,2.148,0.0,8.26
JVASP-18386,HoH2,225,-0.7439600000000001,0.0,0.0,6.06
JVASP-18385,DyH2,225,-0.7418,0.0,0.0,6.22
JVASP-18362,Rb3Bi,225,-0.42732,0.245,0.0,28.53
JVASP-18360,CeBi,225,-0.8335100000000001,0.0,0.0,7.53
JVASP-12323,Ba2NbInO6,225,-2.7897,3.4130000000000003,0.0,0.03
JVASP-9762,Sr2YSbO6,225,-2.87421,3.96,0.0,0.0
JVASP-18383,AcH2,225,-0.6347900000000001,0.0,0.0,30.98
JVASP-11727,Sr2CaMoO6,225,-2.89734,2.098,0.0372,7.33
JVASP-18381,NdH2,225,-0.67866,0.0,0.0,23.34
JVASP-18380,PrH2,225,-0.66402,0.0,0.0,28.45
JVASP-14518,PaO2,225,-3.85062,0.0,0.0292,0.0
JVASP-9756,Ba2SmSbO6,225,-2.84994,3.893,0.0,0.0
JVASP-18323,LaBi,225,-1.10877,0.0,0.0419,5.84
JVASP-1360,Li2O,225,-2.04833,5.448,0.0399,0.0
JVASP-18313,UBi,225,0.16471,0.0,0.1647,5.84
JVASP-12374,MgTePb2O6,225,-1.61944,2.407,0.0187,2.41
JVASP-17807,Mg2Pb,225,-0.1207,0.0,0.0,6.29
JVASP-20603,DyTe,225,-1.31218,0.0,0.0,22.18
JVASP-20583,UAs,225,-0.7327800000000001,0.0,0.0,5.84
JVASP-20600,CeP,225,-1.55174,0.0,0.0,16.37
JVASP-51710,Mg2H6Os,225,-0.34723,3.416,0.0,0.72
JVASP-18391,ErH2,225,-0.7444700000000001,0.0,0.0,6.08
JVASP-9771,Ba2DySbO6,225,-2.90895,3.722,0.0,0.0
JVASP-14507,Mg2Sn,225,-0.25673,0.0,0.0,5.84
JVASP-17841,InN,225,0.19843,0.035,0.2088,25.97
JVASP-51053,Rb2PdI6,225,-0.8113100000000001,0.0,0.0206,9.68
JVASP-12596,H8PtN2Cl6,225,-0.58516,1.745,0.0,15.54
JVASP-19956,NdS,225,-2.17184,0.0,0.0,30.11
JVASP-19806,PrSe,225,-1.90899,0.0,0.0,33.54
JVASP-38763,AcF3,225,-4.35693,7.746,0.0056,0.0
JVASP-16884,SnO2,225,-1.55266,0.07,0.2431,32.1
JVASP-19960,ThAs,225,-1.429,0.0,0.0,5.84
JVASP-19966,TmS,225,-2.07868,0.0,0.0,30.06
JVASP-108986,K2TiHgF6,225,-2.88589,1.729,0.2034,33.83
JVASP-109001,K2NbHgF6,225,-2.56539,0.0,0.2447,32.35
JVASP-109003,Rb2ScTlI6,225,-1.24378,2.319,0.0,11.52
JVASP-109006,Rb3TlI6,225,-0.94939,0.548,0.1579,33.57
JVASP-106199,K3CoF6,225,-2.61434,1.435,0.0,5.87
JVASP-106201,K2LiDyCl6,225,-2.18077,5.087,0.0,20.2
JVASP-107844,Rb2TiAuF6,225,-2.7300500000000003,0.0,0.2798,5.84
JVASP-107862,Rb2InSbI6,225,-0.8576800000000001,0.0,0.0283,5.84
JVASP-110293,Ag2S,225,-0.00862,0.0,0.067,5.84
JVASP-109859,K2GaAuF6,225,-2.37589,0.524,0.1297,9.65
JVASP-109255,Rb2LiSbF6,225,-2.83473,4.322,0.0,0.0
JVASP-109894,KRb2AsI6,225,-0.97127,2.002,0.0604,10.16
JVASP-109240,Rb2BiAuF6,225,-2.22147,1.098,0.1456,12.68
JVASP-108859,Na2LiBiI6,225,-0.7898200000000001,1.893,0.2131,12.68
JVASP-34422,Rb2KBiF6,225,-2.7765500000000003,4.968,0.0,0.0
JVASP-34772,LiBr,225,-1.6539700000000002,5.342,0.0454,7.13
JVASP-58438,K2LiAlF6,225,-3.43752,8.148,0.0,26.72
JVASP-108860,Na3AsF6,225,-2.51583,3.922,0.1249,0.0
JVASP-109120,Sr2AlSbO6,225,-2.77643,1.988,0.0,2.63
JVASP-108602,Rb2LiSbI6,225,-1.02363,1.73,0.0186,21.86
JVASP-109439,K2NaSbI6,225,-0.95866,1.896,0.0863,16.01
JVASP-109257,Rb3AsI6,225,-0.95458,2.141,0.079,8.37
JVASP-25871,Rb2NiF6,225,-2.36246,1.606,0.0,33.37
JVASP-108573,NaLi2GaF6,225,-2.73469,5.494,0.2157,0.0
JVASP-109881,Rb2YAuF6,225,-2.92373,1.377,0.1545,2.8200000000000003
JVASP-109258,Rb3IrF6,225,-2.41751,2.474,0.0253,2.47
JVASP-109459,K2InGaF6,225,-2.58993,2.367,0.1148,2.8
JVASP-108019,InAg3F6,225,-1.52689,0.0,0.1339,31.66
JVASP-109247,Rb2GaAgI6,225,-0.82352,0.0,0.0408,5.84
JVASP-108604,Rb2YHgF6,225,-2.9939400000000003,0.0,0.1246,27.46
JVASP-108574,K2LiNdI6,225,-1.4205,2.896,0.026,1.16
JVASP-109483,KNa2IrF6,225,-2.19609,1.488,0.2163,1.45
JVASP-108974,K2LiScF6,225,-3.5695,6.839,-0.0,0.0
JVASP-109441,K3YF6,225,-3.4577,5.931,0.0676,0.0
JVASP-109834,K2LiYI6,225,-1.43771,2.925,0.0511,1.4
JVASP-108848,K2LiPdF6,225,-2.46233,0.0,0.0053,5.84
JVASP-109466,RbNa2AsF6,225,-2.37653,2.721,0.262,0.0
JVASP-56576,AgCl,225,-0.47113,0.923,0.0005,6.03
JVASP-31174,AgAsF6,225,-1.85523,1.434,0.0,22.8
JVASP-108575,K3MoI6,225,-0.90856,1.213,0.0408,24.45
JVASP-109899,Rb2ScTlF6,225,-3.23946,4.838,0.0178,0.0
JVASP-110067,AlAg3F6,225,-2.07033,0.074,0.057,10.37
JVASP-109249,Na2LiBiF6,225,-2.65647,4.411,0.193,0.0
JVASP-108976,K3IrF6,225,-2.41346,2.474,0.0405,1.98
JVASP-108596,Rb2GaAgF6,225,-2.60673,2.275,0.0,0.0
JVASP-108576,K3AuF6,225,-2.17521,0.713,0.1247,24.72
JVASP-109250,Rb2TlInI6,225,-0.91872,0.6900000000000001,0.0364,33.58
JVASP-109889,Na2AlHgF6,225,-2.65326,0.0,0.2942,29.52
JVASP-109475,Rb2TlAgF6,225,-2.21633,0.258,0.0,33.93
JVASP-109232,K2RbInF6,225,-2.80378,4.98,0.0719,0.0
JVASP-108578,K2TlBiF6,225,-2.47427,2.889,0.1136,0.0
JVASP-109251,Rb2NaScF6,225,-3.5408,6.989,0.0,0.0
JVASP-109854,K2YAgF6,225,-3.07383,2.446,0.0823,0.0
JVASP-108978,K2LiTlF6,225,-2.6416,3.503,0.0,0.0
JVASP-109890,Na3GaF6,225,-2.85096,5.5280000000000005,0.0,0.0
JVASP-110098,KTl2GaF6,225,-2.52624,4.735,0.0,0.0
JVASP-109233,K2NaTiF6,225,-3.26228,0.0,0.0,24.87
JVASP-108598,Na2LiScF6,225,-3.4231,6.233,0.0591,0.0
JVASP-109476,Rb2YAuI6,225,-1.14865,1.155,0.0918,24.85
JVASP-108579,Na3SbF6,225,-2.57113,3.398,0.1931,0.0
JVASP-109891,Rb2NaNdF6,225,-3.45122,6.419,0.0503,0.0
JVASP-109477,K3YI6,225,-1.43808,3.081,0.1004,0.14
JVASP-109117,GaAg3F6,225,-1.65232,0.0,0.0587,18.85
JVASP-109434,Li3InF6,225,-2.68246,4.974,0.2675,0.0
JVASP-110074,Sr2HoUO6,225,-3.44382,0.986,0.0645,30.38
JVASP-108858,Rb2GaAuF6,225,-2.41027,0.63,0.0986,10.79
JVASP-108841,K2NaGaF6,225,-3.01676,6.189,0.0,0.0
JVASP-108710,Sr2ErUO6,225,-3.45952,0.992,0.0499,30.29
JVASP-109236,K2HgSbF6,225,-2.24822,0.0,0.2174,5.84
JVASP-109435,K2NaAsF6,225,-2.70383,4.65,0.0,0.0
JVASP-54956,CuCl,225,-0.30901,0.58,0.1366,32.1
JVASP-108969,Sr2SbAu,225,-1.07349,0.758,0.0,31.42
JVASP-109237,K2AsAuF6,225,-2.08841,0.812,0.2425,17.76
JVASP-19642,LuTe,225,-1.12017,0.0,0.0286,25.05
JVASP-108712,Sr2ScBiO6,225,-2.62248,1.907,0.0,12.09
JVASP-24927,HfVF6,225,-3.45303,1.639,0.0,5.84
JVASP-25185,Li,225,-0.00017,0.0,0.0,0.0
JVASP-38110,Rb2BrCl6F,225,-0.879,1.019,0.1217,33.46
JVASP-19637,HoS,225,-2.12343,0.0,0.0,30.11
JVASP-19725,ScS,225,-2.04183,0.0,0.0,33.75
JVASP-57665,BeO,225,-2.53707,8.761,0.4941,0.0
JVASP-21197,Yb,225,-0.0,0.087,0.0,5.84
JVASP-21193,Ne,225,-0.0,12.196,0.0,0.0
JVASP-19759,TbSe,225,-1.83659,0.0,0.0,33.94
JVASP-38127,Ca6Sn2NF,225,-1.43326,0.147,0.0,7.89
JVASP-38128,K2BrCl6F,225,-0.83896,1.028,0.1719,33.5
JVASP-19779,SmO,225,-3.00227,0.0,0.0575,4.31
JVASP-21387,K2NaAlF6,225,-3.40957,7.49,0.0,0.0
JVASP-19612,CdSe,225,-0.50448,0.0,0.0943,26.02
JVASP-19718,NdSe,225,-1.90302,0.0,0.0,33.79
JVASP-24375,Rb2NaCoF6,225,-2.65774,1.224,0.016,5.84
JVASP-19781,ErS,225,-2.10203,0.0,0.0,29.93
JVASP-55732,K2LiAlH6,225,-0.38678,2.721,0.0037,7.94
JVASP-55733,K2NaAlH6,225,-0.36064,2.676,0.0,0.0
JVASP-110665,K3InF6,225,-2.85204,5.268,0.0,0.0
JVASP-110673,K2ScInI6,225,-1.1612,1.7000000000000002,0.0545,29.09
JVASP-110674,K2YAuI6,225,-1.09059,1.162,0.1452,24.72
JVASP-110709,Na3PdF6,225,-2.22354,0.0,0.0768,5.84
JVASP-110714,Rb2NaPrI6,225,-1.469,3.052,0.0,0.59
JVASP-111116,CeSe2,225,-1.6835,0.645,0.0335,21.63
JVASP-110356,K2AgBiI6,225,-0.7707900000000001,0.758,0.0957,32.68
JVASP-110368,Na3ScBr6,225,-1.56204,3.037,0.1531,2.06
JVASP-110334,Na2LiTlF6,225,-2.44549,3.414,0.1139,0.76
JVASP-110382,Rb2LiPrBr6,225,-1.86211,3.971,0.0227,27.56
JVASP-110338,K2LiGaF6,225,-3.03689,6.501,0.0,17.5
JVASP-110386,Rb2NaYBr6,225,-1.89035,4.23,0.0,0.0
JVASP-110340,K2LiCoF6,225,-2.69254,1.174,0.0,5.84
JVASP-110387,Rb2YTlI6,225,-1.28321,2.988,0.0773,2.86
JVASP-110341,K3YBr6,225,-1.83034,3.939,0.0773,0.0
JVASP-110342,K2NaSmCl6,225,-2.13463,4.9030000000000005,0.0,0.0
JVASP-110345,K2TlInF6,225,-2.56835,3.475,0.0473,0.0
JVASP-110512,Rb2VF6,225,-3.09176,0.0,0.0,0.0
JVASP-110541,Sr2NbInO6,225,-2.75409,3.521,0.0,0.0
JVASP-106204,K3AlCl6,225,-1.87063,4.819,0.0227,0.0
JVASP-106221,Rb2AgSbF6,225,-2.37486,2.168,0.0445,0.5700000000000001
JVASP-106223,Na2InGaF6,225,-2.36944,2.045,0.2601,4.83
JVASP-114319,KAg,225,0.05414,1.124,0.121,30.75
JVASP-116270,LiH,225,-0.53195,3.3,0.0,0.0
JVASP-116271,LiH,225,-0.5317700000000001,3.3,0.0002,0.0
JVASP-112579,NaVH8N2F6,225,-1.60345,0.0,0.0,33.75
JVASP-116303,Li2Se,225,-1.3994,3.042,0.0,0.13
JVASP-114961,GaI,225,-0.44231,1.518,0.0,27.14
JVASP-115141,InI,225,-0.5311400000000001,1.545,0.0212,32.7
JVASP-115391,PbS,225,-0.64273,0.502,0.0132,32.07
JVASP-115419,NaLi2As,225,-0.7017500000000001,1.183,0.0,21.71
JVASP-104822,Rb3YI6,225,-1.47791,3.195,0.0665,0.06
JVASP-115624,Be2C,225,-0.39973,1.5470000000000002,0.0,29.56
JVASP-106422,K2CuBiI6,225,-0.7609800000000001,0.32,0.0918,18.99
JVASP-110664,K3SbF6,225,-2.71613,3.904,0.1017,0.0
JVASP-110698,Rb2AsAuF6,225,-2.13202,0.865,0.1844,18.35
JVASP-111204,K3ScF6,225,-3.46408,6.328,0.0,0.0
JVASP-111224,Rb2AlAuF6,225,-2.80707,1.313,0.0933,4.05
JVASP-111232,Rb3RhF6,225,-2.52308,2.164,0.0,11.0
JVASP-111236,Rb2LiGaF6,225,-3.03226,6.191,0.0,0.0
JVASP-111237,Rb2LiRhF6,225,-2.61014,1.82,0.0,16.27
JVASP-118783,NaF,225,-2.93364,6.393,0.0038,0.0
JVASP-117958,Ca2C,225,0.14176,0.39,0.2441,32.03
JVASP-120284,LiF,225,-3.19048,9.301,0.0,0.0
JVASP-121185,Li2S,225,-1.52185,3.452,0.0,0.0
JVASP-121474,NaAlH8N2F6,225,-1.77543,6.982,0.0,0.0
JVASP-121554,FePtC6N6,225,0.30431,2.251,0.3572,33.72
JVASP-134706,YCuSe2,225,-0.92029,0.0,0.3601,17.53
JVASP-134423,CaTe,225,-1.78335,1.557,0.0,23.76
JVASP-136898,K3P,225,-0.33697,0.951,0.0156,18.93
JVASP-134497,CdSe,225,-0.5161800000000001,0.0,0.0826,24.04
JVASP-136189,AgI,225,-0.20442,0.661,0.0024,26.65
JVASP-135434,MgS,225,-1.6449,2.811,0.0,0.01
JVASP-139466,MgTe,225,-0.91978,0.482,0.0321,33.83
JVASP-150249,PbS,225,-0.64356,0.761,0.0124,33.48
JVASP-150058,TePb,225,-0.42963,1.036,0.0,33.28
JVASP-150063,TePb,225,-0.42955,0.838,0.0001,33.68
JVASP-149870,PbS,225,-0.6435200000000001,0.722,0.0124,33.6
JVASP-150333,Li2H6Pt,225,-0.37666,3.011,0.0,0.8
JVASP-149916,SnTe,225,-0.32578,0.479,0.0,17.24
JVASP-154234,BiF3,225,-2.39022,4.148,0.2009,0.0
